RK,TEAM,GP,PTS,FGM-FGA,FG%,3PM-3PA,3P%,FTM-FTA,FT%
1,Northwestern State,31,81,29.1-63.1,0.461,6.0-18.9,0.317,16.9-24.6,0.686
2,Iona,33,80.7,28.3-61.8,0.457,8.4-22.5,0.373,15.8-20.2,0.778
3,Indiana,33,80,26.9-55.3,0.486,7.3-17.8,0.411,18.9-25.4,0.745
4,Iowa State,33,79.6,27.6-60.6,0.455,9.8-26.6,0.37,14.6-20.0,0.731
5,LIU Brooklyn,33,79.5,27.1-56.0,0.484,7.4-19.1,0.385,17.9-26.0,0.69
6,Duke,32,78.3,27.3-57.4,0.476,7.8-19.1,0.406,15.8-21.7,0.732
7,Ole Miss,33,78.2,27.2-62.2,0.437,6.9-20.8,0.331,16.9-24.8,0.684
7,VMI,31,78.2,28.1-64.9,0.434,9.1-28.0,0.325,12.8-19.5,0.657
9,Detroit Mercy,32,78.1,27.8-60.4,0.459,7.3-20.8,0.349,15.4-21.4,0.719
9,Houston,31,78.1,27.5-59.0,0.466,6.1-16.6,0.37,17.0-23.8,0.713
11,VCU,33,78,28.3-62.5,0.452,8.1-22.7,0.356,13.3-19.0,0.701
12,Gonzaga,33,77.6,27.8-55.2,0.504,6.4-17.2,0.371,15.7-22.2,0.707
13,NC State,34,77.5,28.1-56.9,0.494,5.3-13.5,0.393,16.0-23.4,0.683
14,North Carolina,33,77.2,28.8-64.8,0.444,7.3-19.8,0.371,12.3-18.4,0.667
14,Belmont,32,77.2,27.7-56.0,0.494,8.5-21.9,0.386,13.3-18.2,0.733
16,East Carolina,30,77,26.5-59.0,0.45,8.1-23.1,0.352,15.8-22.0,0.717
17,CS Fullerton,32,76.6,26.7-56.8,0.47,8.3-22.0,0.378,14.8-19.6,0.758
18,BYU,32,76.5,27.7-60.4,0.458,5.6-16.8,0.335,15.6-21.6,0.721
18,Central Arkansas,30,76.5,28.5-65.6,0.435,7.1-20.3,0.352,12.3-19.4,0.632
20,Missouri,33,76.2,27.3-59.3,0.46,6.3-18.5,0.34,15.4-20.8,0.739
21,Memphis,34,75.9,27.6-57.6,0.479,6.2-16.3,0.379,14.6-21.9,0.666
22,Weber State,32,75.7,26.7-52.8,0.505,7.0-16.7,0.419,15.3-21.1,0.723
23,Saint Mary's,33,75.5,26.4-55.6,0.474,7.9-21.2,0.375,14.8-20.4,0.726
24,Creighton,34,75.4,26.7-52.6,0.508,8.8-20.8,0.421,13.3-17.7,0.75
24,Kansas,34,75.4,26.6-55.5,0.48,6.0-16.4,0.367,16.1-22.0,0.733
26,CSU Northridge,31,75.3,26.4-60.5,0.436,5.3-15.6,0.336,17.2-23.5,0.733
27,Michigan,33,75.2,28.0-57.8,0.484,7.5-19.5,0.383,11.7-16.6,0.707
28,UCLA,34,74.7,27.7-60.8,0.455,4.9-14.5,0.339,14.5-20.0,0.722
29,Illinois State,33,74.5,26.4-58.0,0.455,7.3-21.1,0.347,14.4-19.9,0.723
30,Southern Miss,34,74.4,26.8-55.4,0.483,6.8-17.5,0.387,14.1-20.4,0.694
30,Baylor,32,74.4,26.7-59.2,0.45,7.0-20.2,0.345,14.1-20.7,0.684
32,Southeast Missouri State,33,74.1,26.7-56.8,0.469,7.8-19.5,0.398,13.0-18.6,0.7
32,Bryant,30,74.1,26.2-54.7,0.48,7.0-19.7,0.354,14.7-20.3,0.721
32,Eastern Kentucky,33,74.1,25.5-54.8,0.467,8.6-24.6,0.35,14.4-18.3,0.786
35,Niagara,32,73.9,25.4-59.9,0.425,7.3-22.3,0.327,15.8-22.9,0.688
35,South Dakota State,34,73.9,26.1-55.5,0.47,7.8-19.9,0.394,13.9-18.2,0.763
35,Charleston Southern,31,73.9,25.6-60.5,0.424,9.1-25.5,0.358,13.5-18.9,0.712
38,Davidson,33,73.7,24.8-53.5,0.463,7.6-20.5,0.369,16.5-20.7,0.801
38,Arkansas,32,73.7,26.6-61.3,0.435,6.0-20.0,0.3,14.4-21.5,0.672
38,Oakland,32,73.7,24.8-56.9,0.435,7.3-20.6,0.353,16.9-24.0,0.705
41,Santa Clara,32,73.6,25.3-57.8,0.438,8.1-22.1,0.365,14.9-20.6,0.726
41,Louisville,34,73.6,25.9-58.1,0.445,5.8-17.6,0.331,16.0-22.5,0.711
43,Massachusetts,32,73.4,25.5-58.5,0.436,7.2-21.0,0.34,15.3-21.3,0.716
44,Louisiana Tech,32,73.3,25.3-61.8,0.41,7.7-23.4,0.328,15.0-21.4,0.698
44,Lehigh,30,73.3,25.4-55.1,0.462,7.7-19.6,0.394,14.8-20.1,0.736
44,Boise State,31,73.3,25.7-56.0,0.459,7.8-20.0,0.391,14.0-18.7,0.75
44,Arizona,32,73.3,25.0-55.7,0.45,7.7-21.1,0.363,15.6-20.8,0.748
44,Hawai'i,31,73.3,26.3-58.1,0.452,6.1-17.6,0.348,14.6-21.3,0.686
49,Florida Gulf Coast,34,73.1,26.5-57.6,0.46,6.8-19.9,0.339,13.3-19.7,0.677
49,Colorado State,33,73.1,25.4-56.7,0.448,5.1-15.3,0.332,17.3-24.3,0.713
49,Kentucky,32,73.1,26.3-55.5,0.474,5.7-16.3,0.349,14.8-23.1,0.64
52,Canisius,31,73,24.9-55.8,0.446,9.2-23.8,0.388,14.0-19.5,0.717
53,Ohio,33,72.9,26.3-56.2,0.467,7.9-22.8,0.348,12.5-17.9,0.697
53,Central Connecticut,30,72.9,26.2-61.1,0.428,7.1-20.1,0.352,13.5-18.4,0.732
55,Murray State,31,72.8,25.0-55.4,0.452,7.8-22.6,0.347,14.9-21.6,0.691
55,Temple,32,72.8,25.2-58.6,0.43,7.3-21.8,0.334,15.1-20.8,0.725
57,St. Bonaventure,29,72.7,24.4-54.4,0.448,7.3-19.5,0.375,16.6-21.7,0.763
57,Akron,32,72.7,26.2-57.2,0.457,7.1-21.1,0.337,13.3-20.6,0.645
59,Morehead State,33,72.6,25.5-58.6,0.435,6.1-19.0,0.321,15.5-22.4,0.691
60,La Salle,30,72.4,25.7-57.4,0.448,7.6-20.5,0.371,13.4-18.1,0.738
60,Army,31,72.4,24.7-55.5,0.446,8.1-21.8,0.37,14.9-20.3,0.733
60,Oklahoma State,32,72.4,24.8-56.3,0.44,5.6-17.6,0.316,17.3-23.0,0.75
63,Oregon State,32,72,25.9-58.0,0.447,5.8-16.0,0.364,14.4-21.5,0.67
64,Florida,32,71.9,26.3-54.4,0.484,8.3-21.8,0.382,10.9-15.8,0.688
65,Dayton,31,71.8,25.4-53.4,0.475,5.9-15.3,0.384,15.2-21.2,0.717
65,Quinnipiac,31,71.8,25.5-59.5,0.428,4.4-13.2,0.335,16.5-24.5,0.673
65,Drake,32,71.8,24.2-54.1,0.447,8.7-22.5,0.388,14.6-20.3,0.717
65,UNC Asheville,32,71.8,25.8-57.2,0.45,4.8-14.6,0.331,15.4-21.6,0.714
69,Oregon,34,71.7,25.5-57.0,0.447,5.0-15.6,0.323,15.8-22.2,0.71
69,Valparaiso,33,71.7,24.4-49.8,0.489,7.5-19.8,0.376,15.5-21.2,0.732
69,UNC Greensboro,31,71.7,25.4-60.8,0.418,7.3-21.5,0.341,13.5-20.1,0.673
69,UNLV,34,71.7,25.1-57.1,0.439,6.5-19.7,0.33,14.9-21.2,0.705
69,High Point,30,71.7,26.7-59.3,0.45,4.5-14.2,0.314,13.9-19.3,0.718
74,Austin Peay,31,71.5,25.3-55.3,0.457,7.3-19.0,0.383,13.7-20.4,0.673
74,Tennessee State,32,71.5,24.1-54.7,0.441,6.2-18.1,0.344,17.1-22.9,0.745
74,Omaha,31,71.5,26.6-57.6,0.462,6.1-17.0,0.358,12.1-17.3,0.698
77,UAB,33,71.4,26.0-60.0,0.433,6.6-19.8,0.334,12.8-17.8,0.724
77,Stanford,32,71.4,24.8-59.1,0.419,6.9-19.2,0.358,15.0-20.2,0.741
77,DePaul,32,71.4,26.5-61.0,0.434,4.8-16.2,0.299,13.6-19.3,0.704
80,Syracuse,35,71.3,25.7-58.3,0.44,6.1-18.1,0.334,13.9-20.6,0.675
81,Appalachian State,31,71.3,25.1-57.5,0.436,6.5-18.1,0.359,14.7-21.4,0.689
81,Robert Morris,33,71.3,23.7-55.1,0.43,8.6-22.6,0.38,15.3-20.6,0.744
81,UC Davis,31,71.3,25.2-53.3,0.473,8.3-20.5,0.405,12.6-17.5,0.719
81,Kent State,33,71.3,23.8-54.6,0.435,7.0-19.2,0.364,16.7-23.5,0.71
85,Middle Tennessee,33,71.2,25.0-54.0,0.463,5.4-14.2,0.378,15.8-22.8,0.693
85,Maryland,34,71.2,26.1-56.3,0.463,5.8-17.2,0.336,13.3-19.6,0.677
87,Oklahoma,31,71.1,25.2-57.7,0.436,5.0-15.2,0.326,15.8-20.8,0.76
87,Montana,31,71.1,24.2-51.0,0.474,6.9-18.0,0.385,15.8-20.6,0.768
89,Arizona State,33,71,25.8-56.3,0.457,7.1-20.8,0.341,12.4-19.6,0.632
90,UL Lafayette,33,70.8,25.1-58.6,0.427,6.8-20.1,0.341,13.8-20.6,0.671
90,LSU,31,70.8,25.4-59.3,0.428,7.5-21.2,0.356,12.4-19.8,0.625
90,UCF,31,70.8,24.8-54.7,0.453,7.1-19.9,0.357,14.1-21.9,0.644
93,Montana State,30,70.6,24.4-57.2,0.427,6.7-20.0,0.337,15.0-20.9,0.719
94,Texas State,34,70.5,24.4-58.1,0.42,6.7-20.1,0.331,15.1-21.4,0.706
94,Air Force,30,70.5,25.0-52.7,0.475,8.4-22.1,0.382,12.1-16.9,0.715
94,Northern Colorado,31,70.5,25.7-55.4,0.463,6.8-18.1,0.377,12.3-18.2,0.674
97,South Dakota,30,70.4,24.0-53.6,0.449,6.9-18.7,0.371,15.4-19.8,0.781
97,NJIT,29,70.4,24.2-57.5,0.421,6.3-17.1,0.37,15.7-23.4,0.671
97,Richmond,32,70.4,22.8-51.6,0.443,8.4-22.1,0.38,16.3-22.5,0.725
97,Iowa,33,70.4,23.8-56.5,0.422,5.2-17.5,0.3,17.4-24.0,0.726
97,Notre Dame,34,70.4,25.6-55.2,0.463,6.6-17.6,0.373,12.6-17.8,0.707
102,Stetson,31,70.3,24.8-54.3,0.456,7.4-21.4,0.347,13.4-18.9,0.705
102,Oral Roberts,32,70.3,25.3-55.0,0.461,4.8-13.3,0.363,14.8-19.9,0.741
102,Texas Southern,31,70.3,25.0-56.9,0.44,8.9-25.1,0.356,11.3-17.7,0.636
102,St. Francis (BKN),30,70.3,25.4-59.6,0.426,6.9-20.9,0.328,12.5-18.8,0.665
102,Virginia Tech,32,70.3,24.7-58.0,0.426,5.7-18.1,0.314,15.1-21.3,0.709
107,Sacred Heart,29,70.2,25.1-57.1,0.44,6.7-18.9,0.352,13.3-18.4,0.722
107,Youngstown State,32,70.2,24.8-57.8,0.429,6.6-19.9,0.332,14.0-20.3,0.689
107,South Carolina Upstate,33,70.2,25.5-57.5,0.445,6.5-18.6,0.347,12.6-19.4,0.65
110,Ohio State,32,69.9,25.2-55.3,0.456,6.2-17.2,0.359,13.2-19.1,0.692
110,Connecticut,30,69.9,24.2-54.8,0.442,6.4-18.7,0.34,15.0-20.2,0.743
112,Mt. St. Mary's,32,69.8,24.3-56.7,0.429,8.6-25.3,0.338,12.6-18.1,0.697
113,San Francisco,31,69.7,24.4-53.8,0.453,8.0-20.0,0.401,12.9-19.4,0.667
113,Northeastern,32,69.7,23.5-52.8,0.446,7.1-18.9,0.373,15.6-20.6,0.755
115,Pittsburgh,32,69.6,25.6-53.8,0.475,5.1-14.1,0.36,13.4-20.2,0.664
116,Long Beach State,32,69.5,24.7-55.4,0.446,6.8-20.0,0.341,13.3-20.4,0.655
117,Wichita State,34,69.4,24.6-55.5,0.443,6.6-19.6,0.337,13.7-19.9,0.688
117,Elon,32,69.4,24.8-56.8,0.437,7.8-22.3,0.348,12.0-16.8,0.713
117,Miami,32,69.4,24.9-54.3,0.458,6.7-18.9,0.351,12.9-19.1,0.675
120,Western Carolina,33,69.3,25.1-58.3,0.43,6.3-18.5,0.339,12.9-18.3,0.704
121,Chattanooga,32,69.3,23.8-56.9,0.418,5.2-17.5,0.298,16.5-24.8,0.665
121,Lipscomb,30,69.3,23.9-56.3,0.424,5.3-16.6,0.32,16.2-25.1,0.645
121,Butler,34,69.3,24.3-53.5,0.453,6.6-19.0,0.348,14.1-20.5,0.689
124,Eastern Washington,31,69.2,24.2-58.4,0.415,8.5-25.0,0.341,12.3-18.7,0.655
124,San Diego State,32,69.2,24.6-56.2,0.438,5.9-18.1,0.324,14.1-20.8,0.676
124,Campbell,33,69.2,25.9-58.2,0.445,4.1-13.3,0.307,13.3-18.8,0.709
124,Kansas State,34,69.2,24.9-57.2,0.436,6.9-19.0,0.363,12.4-18.1,0.689
128,Tulane,33,69.1,22.5-54.2,0.416,6.3-18.3,0.345,17.7-24.5,0.724
128,Lafayette,34,69.1,24.8-54.2,0.457,8.1-21.1,0.384,11.4-15.2,0.754
128,Illinois,34,69.1,24.1-58.0,0.416,7.8-24.0,0.325,13.1-18.1,0.725
128,Florida Intl,32,69.1,23.9-56.1,0.427,7.0-21.0,0.333,14.2-20.1,0.707
128,Liberty,35,69.1,23.3-54.3,0.429,6.9-18.5,0.373,15.6-21.5,0.726
133,UC Irvine,35,69,25.1-58.1,0.433,6.8-20.2,0.335,12.0-18.0,0.665
133,Marshall,32,69,24.0-56.1,0.427,6.2-20.2,0.307,14.9-24.9,0.598
133,Marquette,31,69,24.5-52.5,0.467,4.3-14.2,0.301,15.7-21.7,0.723
133,Delaware,33,69,23.5-55.5,0.423,4.4-14.1,0.309,17.6-23.3,0.754
137,Harvard,28,68.9,22.8-47.4,0.482,6.4-15.9,0.401,16.9-23.5,0.72
137,Saint Louis,32,68.9,23.3-52.0,0.447,6.2-17.8,0.347,16.2-22.8,0.709
137,Wagner,31,68.9,24.4-55.9,0.436,4.3-13.5,0.317,15.9-22.5,0.705
137,Portland State,28,68.9,25.0-55.1,0.455,5.4-14.3,0.377,13.4-18.1,0.743
137,New Orleans,26,68.9,25.6-58.2,0.44,3.5-12.2,0.288,14.2-21.4,0.661
137,Toledo,28,68.9,23.6-55.0,0.429,5.9-17.7,0.335,15.7-20.6,0.761
143,Utah State,31,68.8,24.2-51.5,0.469,5.7-16.1,0.356,14.7-20.4,0.723
143,William & Mary,30,68.8,23.9-51.2,0.467,7.4-19.9,0.374,13.5-19.0,0.709
143,Longwood,33,68.8,25.5-57.5,0.443,5.1-15.8,0.319,12.8-18.0,0.71
146,Arkansas State,31,68.6,22.7-56.0,0.406,6.4-20.4,0.311,16.8-24.6,0.682
147,Towson,31,68.5,24.3-55.4,0.439,5.4-16.9,0.32,14.5-22.2,0.654
147,South Alabama,29,68.5,22.5-55.1,0.409,5.7-17.5,0.325,17.8-24.8,0.717
149,Minnesota,32,68.4,23.9-54.0,0.442,5.2-16.0,0.326,15.5-22.6,0.685
149,Tulsa,32,68.4,23.3-53.5,0.436,6.2-18.2,0.338,15.6-23.2,0.674
151,Idaho,30,68.3,23.8-51.1,0.467,6.4-17.4,0.368,14.3-19.2,0.743
152,Michigan State,33,68.2,24.5-53.4,0.46,5.0-14.5,0.342,14.2-19.8,0.717
152,Georgia State,31,68.2,23.8-54.4,0.439,7.1-19.7,0.358,13.5-18.9,0.712
152,Colorado,32,68.2,23.7-54.3,0.436,5.4-15.6,0.347,15.4-22.5,0.684
152,Jacksonville,32,68.2,24.2-57.2,0.423,5.2-16.0,0.324,14.6-20.8,0.703
156,Stony Brook,31,68.1,23.8-53.9,0.441,5.9-16.7,0.351,14.7-20.6,0.712
156,Evansville,32,68.1,24.8-56.7,0.436,5.8-15.8,0.366,12.8-17.3,0.737
158,CSU Bakersfield,30,68,23.7-56.6,0.418,6.6-19.7,0.337,14.1-20.1,0.7
158,Boston University,29,68,24.6-54.8,0.449,8.1-21.7,0.374,10.7-14.7,0.727
158,New Mexico State,34,68,24.0-52.0,0.461,4.0-12.4,0.32,16.1-24.5,0.656
161,Villanova,33,67.8,21.4-51.5,0.415,6.1-18.1,0.336,19.0-26.4,0.72
162,Southern,32,67.7,23.2-53.5,0.434,6.8-18.6,0.362,14.5-21.0,0.69
163,Duquesne,30,67.6,23.8-58.2,0.409,8.1-24.1,0.338,11.9-18.4,0.644
163,Charlotte,32,67.6,24.0-54.5,0.441,3.4-12.9,0.267,16.1-24.7,0.652
163,Washington,33,67.6,24.6-56.5,0.436,5.2-15.3,0.342,13.1-19.3,0.678
163,Morgan State,32,67.6,25.2-56.5,0.446,4.2-14.3,0.292,13.0-22.1,0.589
167,California,31,67.5,25.3-56.8,0.446,4.0-13.3,0.304,12.9-17.7,0.725
167,Wake Forest,31,67.5,23.1-53.3,0.434,5.4-15.7,0.345,15.8-23.3,0.68
167,Pacific,34,67.5,23.7-52.5,0.452,6.4-16.6,0.383,13.7-19.8,0.694
167,Central Michigan,31,67.5,21.9-53.7,0.409,8.1-24.3,0.332,15.5-21.3,0.729
167,Nevada,31,67.5,22.7-53.9,0.421,5.9-19.2,0.308,16.2-22.3,0.729
172,New Mexico,34,67.4,22.0-51.7,0.425,6.4-18.1,0.354,17.1-23.7,0.722
172,Utah Valley,32,67.4,24.8-54.7,0.453,5.7-16.9,0.334,12.2-17.2,0.71
172,Saint Joseph's,31,67.4,23.4-53.1,0.44,7.1-21.1,0.338,13.5-19.4,0.698
172,North Dakota,32,67.4,23.6-55.6,0.424,6.3-18.3,0.344,13.9-19.7,0.709
176,Nicholls,30,67.3,23.8-54.2,0.438,5.3-17.4,0.305,14.5-21.7,0.668
176,Bucknell,33,67.3,24.1-52.9,0.456,4.6-12.8,0.36,14.5-19.5,0.744
178,Western Kentucky,35,67.2,23.3-54.1,0.431,6.4-19.7,0.324,14.2-21.1,0.674
179,Bethune-Cookman,34,67.1,24.0-57.6,0.416,5.6-18.2,0.306,13.6-21.8,0.624
179,Boston College,33,67.1,22.7-51.5,0.441,7.1-20.1,0.353,14.6-20.5,0.712
179,Yale,31,67.1,22.5-52.2,0.431,5.9-16.9,0.351,16.2-22.2,0.728
179,North Carolina Central,31,67.1,22.8-49.5,0.46,5.4-15.6,0.348,16.1-21.9,0.734
179,Providence,31,67.1,23.4-57.1,0.409,5.6-17.8,0.314,14.8-21.4,0.692
179,Western Michigan,32,67.1,22.3-51.5,0.434,5.4-16.8,0.324,16.9-24.3,0.696
179,Fort Wayne,33,67.1,23.5-53.7,0.439,6.7-18.8,0.358,13.2-20.6,0.642
186,Florida State,33,67,22.9-51.8,0.443,5.8-16.6,0.346,15.4-21.0,0.732
186,North Dakota State,33,67,24.6-52.4,0.47,6.9-19.2,0.359,10.9-15.2,0.716
186,Coastal Carolina,29,67,24.6-56.1,0.439,4.5-14.4,0.31,13.3-20.2,0.656
189,Bradley,32,66.9,24.8-57.0,0.436,5.2-16.3,0.318,12.1-16.8,0.719
189,UT Martin,30,66.9,22.7-57.8,0.394,5.6-16.9,0.334,15.8-21.3,0.742
189,Buffalo,34,66.9,23.4-52.0,0.449,6.3-18.2,0.347,13.9-19.7,0.703
189,Loyola (MD),32,66.9,23.8-54.9,0.433,4.1-13.6,0.301,15.3-22.4,0.683
189,Northern Arizona,32,66.9,24.6-56.4,0.437,5.7-17.3,0.327,12.0-17.7,0.675
194,George Mason,32,66.8,24.1-55.1,0.437,5.2-14.9,0.349,13.3-18.6,0.716
194,Radford,32,66.8,23.4-59.0,0.397,6.1-19.3,0.314,13.8-21.3,0.648
196,Southern Utah,31,66.6,23.2-57.0,0.406,5.2-16.2,0.322,15.1-20.8,0.724
196,Cincinnati,33,66.6,23.2-57.5,0.402,6.8-21.5,0.317,13.5-20.8,0.649
196,Norfolk State,32,66.6,23.6-56.2,0.42,5.2-16.0,0.324,14.3-22.3,0.64
199,Little Rock,32,66.5,22.9-54.3,0.422,5.1-15.0,0.337,15.7-23.2,0.676
200,Jacksonville State,28,66.3,22.8-51.2,0.445,5.7-16.1,0.353,15.1-22.3,0.678
201,Tennessee,32,66.3,22.8-52.9,0.432,5.2-16.4,0.317,15.4-22.3,0.691
201,McNeese,31,66.3,24.9-59.6,0.417,5.2-15.6,0.33,11.4-17.7,0.643
201,North Florida,32,66.3,23.8-54.6,0.437,7.8-22.7,0.344,10.7-16.2,0.661
201,George Washington,30,66.3,24.4-55.3,0.441,2.8-10.0,0.279,14.7-22.3,0.657
201,Maine,30,66.3,24.4-56.3,0.434,5.2-17.7,0.294,12.2-18.6,0.655
206,Wisconsin,33,66.2,23.9-56.2,0.426,7.5-22.3,0.338,10.8-17.0,0.635
206,Jackson State,29,66.2,22.3-57.2,0.39,6.2-20.0,0.312,15.3-22.0,0.699
206,North Texas,32,66.2,23.1-56.0,0.413,3.5-12.4,0.285,16.4-23.1,0.708
209,West Virginia,32,66.1,22.6-55.3,0.408,5.3-16.9,0.316,15.7-22.5,0.695
209,South Carolina,32,66.1,23.2-56.3,0.412,6.0-18.7,0.321,13.7-19.8,0.688
209,Northern Iowa,32,66.1,22.7-51.6,0.441,7.8-21.4,0.363,12.8-16.8,0.765
212,Green Bay,33,66,22.7-51.8,0.438,4.8-14.3,0.338,15.7-20.9,0.751
212,Marist,31,66,22.9-53.9,0.425,6.4-18.4,0.346,13.8-21.3,0.648
214,Gardner-Webb,33,65.9,23.2-54.9,0.423,5.6-17.1,0.33,13.8-19.2,0.716
215,Indiana State,32,65.8,22.3-51.8,0.43,5.7-17.6,0.324,15.5-22.1,0.704
215,Cornell,31,65.8,23.6-55.7,0.424,6.7-19.6,0.342,11.9-16.9,0.704
217,USC,32,65.7,24.3-57.1,0.426,5.2-15.2,0.342,11.8-17.1,0.693
217,UT Rio Grande Valley,32,65.7,23.1-53.5,0.431,6.6-17.6,0.374,12.9-20.3,0.637
219,Fairleigh Dickinson,31,65.6,23.4-54.0,0.432,6.1-17.5,0.35,12.8-19.0,0.671
220,Seattle,30,65.5,24.5-58.3,0.419,6.0-18.6,0.325,10.6-16.9,0.625
220,Cal Poly,31,65.5,22.6-52.9,0.428,7.2-19.1,0.378,13.0-17.8,0.73
220,IUPUI,32,65.5,24.7-55.8,0.443,6.9-19.4,0.357,9.2-13.7,0.67
223,Mercer,34,65.4,22.2-51.2,0.433,7.3-20.8,0.353,13.8-18.2,0.757
223,Denver,30,65.4,23.2-48.3,0.481,8.2-21.5,0.38,10.8-14.6,0.738
223,Rutgers,31,65.4,24.1-54.5,0.442,4.8-13.5,0.357,12.4-17.7,0.699
223,Florida Atlantic,32,65.4,22.9-54.2,0.422,6.1-16.9,0.36,13.5-19.3,0.701
223,Texas,33,65.4,22.7-54.9,0.414,5.0-16.9,0.297,14.9-22.7,0.656
223,Texas Tech,31,65.4,23.3-55.2,0.421,4.8-16.7,0.288,14.0-21.0,0.667
229,St. John's,31,65.3,25.0-60.2,0.416,3.7-13.5,0.274,11.5-18.0,0.64
229,Charleston,34,65.3,22.9-52.1,0.44,5.9-17.1,0.344,13.6-20.0,0.678
229,Purdue,32,65.3,24.3-57.7,0.421,4.3-13.5,0.318,12.4-19.3,0.641
232,Ball State,30,65.2,21.9-51.4,0.425,5.9-18.0,0.327,15.6-23.9,0.652
232,Xavier,31,65.2,23.3-51.0,0.456,4.5-12.9,0.35,14.1-21.1,0.667
232,James Madison,34,65.2,22.5-53.6,0.42,5.7-17.2,0.333,14.4-20.5,0.701
235,San Diego,34,65.1,23.0-52.8,0.435,6.0-17.1,0.349,13.2-19.5,0.676
235,Stephen F. Austin,31,65.1,24.2-51.5,0.469,4.2-13.0,0.326,12.5-20.6,0.606
235,Chicago State,32,65.1,23.7-58.9,0.402,6.9-20.8,0.332,10.8-14.8,0.732
238,Florida A&M,31,65,23.6-59.6,0.396,5.5-18.1,0.305,12.3-19.5,0.627
239,Old Dominion,30,64.9,23.6-57.6,0.409,4.6-16.9,0.273,13.2-19.9,0.661
240,Auburn,32,64.8,22.7-55.5,0.409,5.7-18.4,0.311,13.7-19.6,0.7
241,Monmouth,31,64.8,23.1-58.1,0.397,5.5-17.6,0.31,13.2-18.7,0.706
241,Loyola Marymount,34,64.8,22.6-56.3,0.402,5.8-17.6,0.331,13.7-19.5,0.703
241,Tennessee Tech,29,64.8,22.4-52.7,0.426,6.1-19.1,0.319,13.8-19.5,0.708
244,Seton Hall,33,64.7,22.5-51.6,0.437,7.9-21.5,0.367,11.7-17.8,0.658
244,Sacramento State,29,64.7,22.1-53.3,0.414,5.5-16.3,0.338,15.0-20.7,0.728
246,UC Santa Barbara,31,64.6,22.7-54.1,0.419,8.0-23.0,0.346,11.3-16.3,0.692
246,Georgetown,31,64.6,23.0-50.4,0.456,5.9-16.4,0.358,12.7-18.7,0.68
248,SMU,32,64.5,22.8-50.8,0.449,3.5-10.3,0.345,15.4-20.7,0.745
249,Fordham,31,64.4,23.2-57.6,0.402,5.4-17.4,0.311,12.7-18.8,0.674
249,Albany,34,64.4,21.8-49.9,0.438,6.0-16.5,0.364,14.8-20.1,0.734
249,Washington State,32,64.4,22.4-52.5,0.427,7.3-20.9,0.347,12.3-17.9,0.688
249,Princeton,28,64.4,22.6-48.9,0.462,6.7-17.0,0.395,12.5-17.3,0.723
249,The Citadel,30,64.4,22.7-50.1,0.453,5.9-16.3,0.361,13.1-18.6,0.703
249,Loyola-Chicago,31,64.4,22.8-51.2,0.446,5.9-16.3,0.364,12.7-17.7,0.718
255,Georgia Tech,31,64.3,24.2-57.8,0.419,5.6-17.5,0.318,10.3-16.2,0.635
256,Prairie View A&M,34,64.2,24.2-60.7,0.398,3.8-14.5,0.261,12.0-19.6,0.615
256,Utah,33,64.2,22.8-52.0,0.439,5.9-16.4,0.362,12.5-16.6,0.755
258,Cleveland State,32,64.1,22.9-54.2,0.423,6.4-18.8,0.343,11.8-16.7,0.708
259,Virginia,32,64,23.6-51.7,0.456,6.1-15.8,0.385,10.8-15.1,0.714
259,Rider,32,64,22.2-51.0,0.435,6.1-17.6,0.344,13.5-20.1,0.672
259,UT San Antonio,32,64,21.7-54.0,0.401,7.4-22.1,0.334,13.3-19.7,0.676
262,Houston Baptist,31,63.9,23.0-55.5,0.414,4.5-14.2,0.32,13.5-20.3,0.664
262,UT Arlington,32,63.9,22.5-54.7,0.412,5.7-16.5,0.343,13.2-20.2,0.653
264,UTEP,32,63.8,22.1-49.1,0.449,5.5-15.8,0.351,14.2-20.9,0.677
264,Sam Houston State,34,63.8,21.8-56.4,0.386,6.6-19.9,0.33,13.6-20.8,0.655
266,Texas A&M,33,63.7,23.2-52.8,0.44,5.0-14.0,0.356,12.2-17.4,0.705
267,Coppin State,32,63.6,21.5-58.7,0.366,7.6-24.0,0.316,13.1-18.8,0.696
268,UMBC,31,63.5,23.2-56.9,0.407,6.6-19.7,0.337,10.6-16.8,0.631
268,Colgate,32,63.5,23.0-55.0,0.418,6.9-20.1,0.342,10.7-15.2,0.707
270,Vermont,32,63.4,21.4-49.0,0.438,4.7-14.6,0.323,15.8-22.3,0.71
270,SE Louisiana,31,63.4,22.3-54.4,0.409,5.9-16.5,0.357,13.0-19.6,0.662
270,Southern Illinois,31,63.4,23.6-53.1,0.446,4.5-14.0,0.32,11.6-18.0,0.642
273,UNC Wilmington,30,63.3,22.6-54.2,0.417,5.3-15.8,0.337,12.7-19.8,0.642
274,Alabama A&M,31,63.1,22.5-56.3,0.399,5.0-17.0,0.294,13.2-21.0,0.63
274,Alabama,33,63.1,22.5-52.3,0.43,5.6-16.4,0.341,12.6-18.2,0.692
276,Mississippi Valley State,28,63,21.2-57.3,0.37,6.0-19.9,0.303,14.6-22.6,0.648
276,Miami (OH),31,63,22.2-51.5,0.43,5.7-17.3,0.331,13.0-19.1,0.68
276,Drexel,31,63,21.9-53.3,0.412,5.8-17.4,0.335,13.3-17.8,0.745
279,SIU-Edwardsville,27,62.9,22.6-52.9,0.426,5.9-16.2,0.363,11.9-17.8,0.669
280,Bowling Green,32,62.8,23.5-56.1,0.419,4.9-16.1,0.306,10.8-15.1,0.715
281,Pennsylvania,31,62.8,22.2-52.3,0.425,5.5-15.9,0.343,12.9-18.0,0.718
281,Pepperdine,30,62.8,22.4-51.7,0.434,5.5-15.4,0.356,12.4-17.6,0.703
283,Milwaukee,32,62.7,21.1-54.4,0.388,7.0-22.1,0.315,13.5-19.8,0.684
283,Arkansas-Pine Bluff,30,62.7,22.8-56.9,0.4,5.3-17.5,0.302,11.8-18.8,0.631
283,UIC,32,62.7,21.3-53.3,0.398,6.4-19.4,0.332,13.7-18.3,0.752
286,Hampton,31,62.5,21.9-55.8,0.392,4.4-16.5,0.263,14.4-21.5,0.666
287,Brown,28,62.4,21.8-53.2,0.409,7.3-21.2,0.345,11.5-18.3,0.631
287,Columbia,28,62.4,21.6-51.3,0.421,6.5-18.6,0.347,12.8-17.1,0.745
289,East Tennessee State,32,62.3,22.1-54.7,0.404,6.5-19.9,0.327,11.6-17.3,0.668
290,North Carolina A&T,35,62.2,20.9-52.4,0.399,5.7-19.2,0.299,14.7-22.3,0.658
290,St. Francis (PA),29,62.2,21.8-52.7,0.415,7.1-20.5,0.348,11.4-16.6,0.687
292,San José State,29,62.1,21.7-57.6,0.377,5.1-16.9,0.3,13.7-20.9,0.656
292,Georgia Southern,33,62.1,21.8-52.2,0.419,5.6-16.4,0.341,12.8-18.6,0.688
292,Presbyterian College,32,62.1,23.1-51.3,0.451,6.0-17.3,0.347,9.9-13.2,0.753
295,Troy,33,62,23.0-57.8,0.397,6.4-20.6,0.312,9.6-14.2,0.679
296,Alabama State,32,61.8,22.9-56.3,0.408,5.3-17.4,0.302,10.7-18.0,0.597
297,Wright State,33,61.7,22.1-50.9,0.434,5.7-16.9,0.337,11.8-16.8,0.7
298,Penn State,31,61.6,21.3-53.9,0.395,5.0-17.0,0.296,13.9-20.0,0.696
298,Rhode Island,29,61.6,21.2-53.1,0.4,6.3-19.6,0.322,12.8-19.1,0.671
300,Clemson,31,61.5,22.5-53.0,0.424,5.1-16.0,0.317,11.5-17.5,0.654
301,Dartmouth,28,61.4,21.4-52.4,0.407,5.7-16.9,0.336,13.0-17.8,0.729
302,Samford,32,61.2,22.2-50.0,0.444,6.3-17.6,0.361,10.4-15.7,0.661
303,Holy Cross,30,61.1,21.5-51.8,0.414,6.5-19.0,0.342,11.7-15.5,0.753
304,Kennesaw State,30,61,21.5-53.6,0.4,5.1-16.7,0.303,13.0-20.0,0.651
304,Portland,32,61,21.9-53.4,0.41,4.4-14.0,0.315,12.8-18.8,0.677
306,UMKC,32,60.9,22.0-52.1,0.422,6.2-18.3,0.34,10.8-16.0,0.674
307,Georgia,32,60.8,19.9-48.7,0.408,5.9-16.4,0.357,15.2-21.9,0.694
308,Northwestern,32,60.7,20.7-51.5,0.401,7.6-22.2,0.341,11.8-17.4,0.679
309,Mississippi State,32,60.6,20.9-52.3,0.401,4.7-16.6,0.284,14.0-21.3,0.657
309,Wyoming,32,60.6,20.6-48.4,0.425,6.6-20.6,0.319,12.9-19.2,0.674
311,Delaware State,33,60.5,21.5-52.5,0.41,5.5-18.8,0.295,12.0-17.4,0.69
311,Rice,31,60.5,20.8-52.3,0.397,7.4-22.5,0.329,11.5-15.9,0.726
313,Alcorn State,34,60.4,21.4-55.5,0.385,4.9-16.5,0.294,12.9-20.7,0.621
313,Eastern Illinois,32,60.4,21.6-49.4,0.437,6.0-17.1,0.35,11.2-16.9,0.664
315,Vanderbilt,33,60.3,20.6-50.6,0.408,7.8-22.2,0.35,11.3-17.8,0.635
315,Fairfield,34,60.3,22.1-52.4,0.422,5.6-17.8,0.314,10.5-15.4,0.684
315,Hartford,30,60.3,20.8-50.9,0.409,7.8-22.9,0.34,10.9-15.8,0.693
315,Furman,31,60.3,20.8-51.0,0.408,6.1-18.2,0.335,12.6-18.3,0.69
315,South Carolina State,30,60.3,22.6-57.7,0.392,4.6-16.2,0.282,10.5-16.2,0.647
320,Texas A&M-CC,29,60.2,21.9-53.8,0.406,4.8-16.0,0.298,11.7-17.2,0.68
321,New Hampshire,29,60.2,21.0-54.0,0.389,6.2-20.0,0.308,12.0-18.8,0.639
322,Lamar,31,60.1,22.9-56.2,0.408,1.8-6.1,0.303,12.4-17.7,0.703
323,UL Monroe,27,60,22.3-52.2,0.427,6.0-17.1,0.348,9.5-16.4,0.577
323,Siena,32,60,20.6-51.0,0.404,5.8-17.2,0.337,13.1-19.4,0.672
323,Winthrop,31,60,20.9-50.2,0.416,5.8-18.4,0.315,12.4-18.1,0.688
326,Fresno State,30,59.9,20.3-52.2,0.39,6.1-17.4,0.348,13.2-19.8,0.668
327,Saint Peter's,30,59.6,22.5-54.4,0.413,4.9-14.6,0.336,9.8-16.5,0.592
327,Missouri State,33,59.6,21.2-52.2,0.406,5.4-18.2,0.297,11.8-17.7,0.67
329,Western Illinois,30,59.3,21.1-45.4,0.465,5.1-13.2,0.388,11.9-18.6,0.642
330,UC Riverside,31,59,22.2-53.2,0.417,4.7-16.3,0.289,9.9-17.0,0.583
331,South Florida,31,58.8,20.9-53.7,0.389,6.1-19.6,0.313,10.9-15.7,0.694
332,Northern Kentucky,27,58.6,20.5-50.5,0.406,7.6-22.9,0.331,10.1-14.3,0.703
333,Hofstra,32,58.5,20.6-53.7,0.383,4.4-15.2,0.29,13.0-20.8,0.627
334,Manhattan,32,58.3,19.2-47.1,0.408,5.7-16.8,0.337,14.3-21.5,0.662
334,Nebraska,33,58.3,21.5-52.8,0.407,5.0-16.3,0.307,10.4-15.0,0.692
336,Wofford,32,58.1,20.8-53.0,0.392,5.7-18.5,0.307,10.8-14.9,0.725
337,American,30,57.8,20.5-49.7,0.413,5.9-16.3,0.362,10.9-15.3,0.709
338,Idaho State,30,57,19.6-48.1,0.407,5.4-17.2,0.317,12.4-18.3,0.681
339,Eastern Michigan,34,56.6,20.6-51.5,0.401,4.9-14.7,0.33,10.5-15.7,0.67
340,Savannah State,33,56.5,20.7-49.5,0.419,3.8-13.1,0.292,11.3-18.2,0.622
341,Binghamton,30,55.9,19.6-52.7,0.372,5.2-18.2,0.286,11.5-17.8,0.645
342,Navy,31,55.1,20.3-51.8,0.391,5.5-17.0,0.326,9.1-14.5,0.627
343,TCU,32,55,19.7-49.2,0.401,3.7-11.8,0.311,11.9-19.9,0.601
344,Maryland-Eastern Shore,28,54.8,19.2-53.8,0.357,4.4-16.1,0.272,12.0-19.0,0.632
345,Northern Illinois,30,54,18.7-52.2,0.358,4.5-16.4,0.276,12.0-18.4,0.653
346,Howard,31,52.1,18.5-50.5,0.365,3.3-13.2,0.248,11.9-18.0,0.663
347,Grambling,28,49.7,18.5-51.3,0.361,5.1-16.4,0.312,7.5-12.8,0.587